"date","member","position","country","event_type","policy_comments","bias","stance_change","tags","source","source_url","tone_calibration"
"2026-09-30","Lagarde","President","ECB","Speech","the current energy shock could lead the ECB to raise interest rates further if necessary to prevent higher energy costs from feeding durably throug...","mildly hawkish","Similar to prior","rates,inflation,energy","Econostream Central Bank","https://www.econostream-media.com/news/2026-09-30/ecbs_lagarde:_energy_shock_may_lead_ecb_to_raise_rates_further.html",""
"2026-09-30","Schnabel","Executive Board","Germany","Speech","Wednesday that central banks cannot wait for indirect and second-round effects from the latest energy shock to become visible before responding, bu...","mildly hawkish","Less hawkish than prior","rates,inflation,wages,energy","Econostream Central Bank","https://www.econostream-media.com/news/2026-09-30/ecbs_schnabel:_central_banks_cannot_wait_for_inflation_pass-through_to_materialize.html","current_view_2026-07-09"
"2026-09-29","Demarco","ECB speaker","Euro Area","Speech","higher-than-expected underlying inflation could justify another rate hike before second-round effects become visible, while a combination of advers...","hawkish","First recent item","rates,inflation,wages,energy","Econostream Central Bank","https://www.econostream-media.com/news/2026-09-29/exclusive:_ecbs_demarco:_above-expected_underlying_inflation_could_be_grounds_to_act.html",""
"2026-09-29","Escriva","Governing Council","Spain","Speech","interest rates were not yet in restrictive territory.","mildly hawkish","First recent item","rates","Econostream Central Bank","https://www.econostream-media.com/news/2026-09-29/ecbs_escriva:_interest_rates_not_yet_in_restrictive_territory.html",""
"2026-09-29","Kazimir","Governing Council","Slovakia","Speech","policymakers had enough time to assess incoming data before deciding whether to raise interest rates again, while noting that the ECB needed to ret...","neutral","First recent item","rates","Econostream Central Bank","https://www.econostream-media.com/news/2026-09-29/ecbs_kazimir:_we_need_full_flexibility_to_decide_currently_have_enough_time.html",""
"2026-09-28","Lagarde","President","ECB","Speech","the ECB was not yet seeing evidence that higher energy prices were feeding into wages, supporting a ""measured"" monetary policy approach while leavi...","mildly hawkish","Similar to prior","inflation,wages,energy","Econostream Central Bank","https://www.econostream-media.com/news/2026-09-28/ecbs_lagarde:_no_signs_yet_that_second-round_are_likely_to_come.html",""
"2026-09-28","Lagarde","President","ECB","Speech","a ""measured"" monetary policy response remained appropriate following this month's 25bp rate hike, with higher energy prices pushing up the inflatio...","mildly hawkish","First recent item","rates,inflation,energy","Econostream Central Bank","https://www.econostream-media.com/news/2026-09-28/ecbs_lagarde:_measured_response_appropriate_as_energy_shock_not_yet_embedded.html",""
"2026-09-28","Pereira","ECB speaker","Euro Area","Speech","one of the main risks facing the ECB in the coming months is high natural gas prices.","neutral","First recent item","inflation","Econostream Central Bank","https://www.econostream-media.com/news/2026-09-28/ecbs_pereira:_higher_natural_gas_prices_a_risk_for_coming_months.html",""
"2026-09-25","Vujcic","Vice-President","Croatia","Speech","Friday that persistent pressure on refined energy products, particularly diesel, could continue feeding into inflation, with lost refining capacity...","neutral","First recent item","inflation,energy","Econostream Central Bank","https://www.econostream-media.com/news/2026-09-25/ecbs_vujcic:_refining_constraints_to_keep_diesel_high_feed_inflation.html",""
"2026-09-24","Kocher","Governing Council","Austria","Speech","it would be preferable to bring inflation back to 2% without further interest rate increases, while stressing that policymakers would reassess the...","mildly hawkish","First recent item","rates,inflation,energy","Econostream Central Bank","https://www.econostream-media.com/news/2026-09-24/ecbs_kocher_says_preferable_to_reach_2_without_further_rate_hikes.html",""
"2026-09-24","Radev","ECB speaker","Euro Area","Speech","Thursday that vigilance should carry slightly greater weight than patience following the September rate hike but stressed that this did not amount...","mildly hawkish","First recent item","rates","Econostream Central Bank","https://www.econostream-media.com/news/2026-09-24/ecbs_radev:_vigilance_should_outweigh_patience_but_this_is_not_a_call_for_automatic_tightening.html",""
"2026-09-24","Schnabel","Executive Board","Germany","Speech","No comments relevant for monetary policy","neutral","Similar to prior","general","Econostream Central Bank","https://www.econostream-media.com/news/2026-09-24/ecbs_schnabel_set_to_become_imf_financial_counsellor_from_january_4.html",""
"2026-09-24","Schnabel","Executive Board","Germany","Speech","the energy price shock was proving to be ""much more persistent"" than initially expected.","neutral","First recent item","inflation,energy","Econostream Central Bank","https://www.econostream-media.com/news/2026-09-24/ecbs_schnabel:_energy_price_shock_much_more_persistent_than_initially_expected.html",""
"2026-09-24","Simkus","Governing Council","Lithuania","Speech","Thursday that Lithuanian inflation was set to exceed 6% by year-end, with energy accounting for more than a third of price growth and prolonged hig...","neutral","First recent item","inflation,energy","Econostream Central Bank","https://www.econostream-media.com/news/2026-09-24/ecbs_simkus:_lithuanian_inflation_to_exceed_6_by_year-end_energy_shock_eroding_economy.html",""
"2026-09-24","Sleijpen","Governing Council","Netherlands","Speech","the euro area economy had proved considerably more resilient than expected, while warning that risks to the growth outlook remained tilted to the d...","neutral","First recent item","general","Econostream Central Bank","https://www.econostream-media.com/news/2026-09-24/ecbs_sleijpen:_growth_more_resilient_than_expected_sees_downside_risks.html",""
"2026-09-24","Stournaras","Governing Council","Greece","Speech","Thursday that the euro area economy had remained resilient despite the energy shock caused by the Middle East conflict, supported by a strong labor...","neutral","Similar to prior","energy","Econostream Central Bank","https://www.econostream-media.com/news/2026-09-24/ecbs_stournaras_says_euro_area_resilient_amid_middle_east_energy_shock.html",""
"2026-09-24","Stournaras","Governing Council","Greece","Speech","the central bank had achieved a ""soft landing"" before the latest Middle East shock, bringing inflation down from around 11% to below 2%.","neutral","First recent item","inflation,energy","Econostream Central Bank","https://www.econostream-media.com/news/2026-09-24/ecbs_stournaras_says_central_bank_achieved_soft_landing_before_middle_east_shock.html",""
"2026-09-23","Lane","Chief Economist","Ireland","Article","Key Comments on Inflation, Growth and Monetary Policy","neutral","Less hawkish than prior","inflation","Econostream Central Bank","https://www.econostream-media.com/news/2026-09-23/ecbs_lane:_key_comments_on_inflation_growth_and_monetary_policy.html",""
"2026-09-23","Lane","Chief Economist","Ireland","Speech","Wednesday that coming interest-rate decisions could prove less straightforward than September's 25bp hike, as policymakers weigh a more persistent...","mildly hawkish","First recent item","rates,wages,energy","Econostream Central Bank","https://www.econostream-media.com/news/2026-09-23/ecbs_lane_says_future_rate_decisions_may_be_less_straightforward_after_september_no-brainer.html",""
"2026-09-23","Makhlouf","Governing Council","Ireland","Speech","Wednesday that additional monetary policy action would be needed if persistently high energy prices generated wider inflation pressures, while indi...","mildly hawkish","First recent item","rates,inflation,wages,energy","Econostream Central Bank","https://www.econostream-media.com/news/2026-09-23/ecbs_makhlouf:_further_action_needed_if_energy_shock_spreads_second-round_effects_not_evident.html",""
