KEY,FREQ,REF_AREA,ADJUSTMENT,EWT_INDICATOR,EWT_CONCEPT,ACTIVITY,COMPILING_ORG,TRANSFORMATION,TIME_PERIOD,OBS_VALUE,OBS_STATUS,OBS_CONF,OBS_PRE_BREAK,OBS_COM,TIME_FORMAT,COLLECTION,DISS_ORG,DECIMALS,TITLE,TITLE_COMPL,UNIT,UNIT_MULT
EWT.M.U2.N.WT.INWS._T.4F0.GY,M,U2,N,WT,INWS,_T,4F0,GY,2013-01,1.88910715241319,A,F,,,P1M,A,,14,ECB wage tracker,"Euro area, non-seasonally adjusted, wage tracker, including one-off payments, total economy, compiled by the ECB, annual rates of change",PT,0
EWT.M.U2.N.WT.INWS._T.4F0.GY,M,U2,N,WT,INWS,_T,4F0,GY,2013-02,1.88364092247165,A,F,,,P1M,A,,14,ECB wage tracker,"Euro area, non-seasonally adjusted, wage tracker, including one-off payments, total economy, compiled by the ECB, annual rates of change",PT,0
EWT.M.U2.N.WT.INWS._T.4F0.GY,M,U2,N,WT,INWS,_T,4F0,GY,2013-03,1.74550698954091,A,F,,,P1M,A,,14,ECB wage tracker,"Euro area, non-seasonally adjusted, wage tracker, including one-off payments, total economy, compiled by the ECB, annual rates of change",PT,0
EWT.M.U2.N.WT.INWS._T.4F0.GY,M,U2,N,WT,INWS,_T,4F0,GY,2013-04,1.77463841766528,A,F,,,P1M,A,,14,ECB wage tracker,"Euro area, non-seasonally adjusted, wage tracker, including one-off payments, total economy, compiled by the ECB, annual rates of change",PT,0
EWT.M.U2.N.WT.INWS._T.4F0.GY,M,U2,N,WT,INWS,_T,4F0,GY,2013-05,1.59191945654758,A,F,,,P1M,A,,14,ECB wage tracker,"Euro area, non-seasonally adjusted, wage tracker, including one-off payments, total economy, compiled by the ECB, annual rates of change",PT,0
EWT.M.U2.N.WT.INWS._T.4F0.GY,M,U2,N,WT,INWS,_T,4F0,GY,2013-06,1.44506736246377,A,F,,,P1M,A,,14,ECB wage tracker,"Euro area, non-seasonally adjusted, wage tracker, including one-off payments, total economy, compiled by the ECB, annual rates of change",PT,0
EWT.M.U2.N.WT.INWS._T.4F0.GY,M,U2,N,WT,INWS,_T,4F0,GY,2013-07,1.82632982366983,A,F,,,P1M,A,,14,ECB wage tracker,"Euro area, non-seasonally adjusted, wage tracker, including one-off payments, total economy, compiled by the ECB, annual rates of change",PT,0
EWT.M.U2.N.WT.INWS._T.4F0.GY,M,U2,N,WT,INWS,_T,4F0,GY,2013-08,1.86729423934596,A,F,,,P1M,A,,14,ECB wage tracker,"Euro area, non-seasonally adjusted, wage tracker, including one-off payments, total economy, compiled by the ECB, annual rates of change",PT,0
EWT.M.U2.N.WT.INWS._T.4F0.GY,M,U2,N,WT,INWS,_T,4F0,GY,2013-09,1.85226662110838,A,F,,,P1M,A,,14,ECB wage tracker,"Euro area, non-seasonally adjusted, wage tracker, including one-off payments, total economy, compiled by the ECB, annual rates of change",PT,0
EWT.M.U2.N.WT.INWS._T.4F0.GY,M,U2,N,WT,INWS,_T,4F0,GY,2013-10,1.81241778640338,A,F,,,P1M,A,,14,ECB wage tracker,"Euro area, non-seasonally adjusted, wage tracker, including one-off payments, total economy, compiled by the ECB, annual rates of change",PT,0
EWT.M.U2.N.WT.INWS._T.4F0.GY,M,U2,N,WT,INWS,_T,4F0,GY,2013-11,1.77929624651475,A,F,,,P1M,A,,14,ECB wage tracker,"Euro area, non-seasonally adjusted, wage tracker, including one-off payments, total economy, compiled by the ECB, annual rates of change",PT,0
EWT.M.U2.N.WT.INWS._T.4F0.GY,M,U2,N,WT,INWS,_T,4F0,GY,2013-12,1.7802306007456,A,F,,,P1M,A,,14,ECB wage tracker,"Euro area, non-seasonally adjusted, wage tracker, including one-off payments, total economy, compiled by the ECB, annual rates of change",PT,0
EWT.M.U2.N.WT.INWS._T.4F0.GY,M,U2,N,WT,INWS,_T,4F0,GY,2014-01,1.80560040529792,A,F,,,P1M,A,,14,ECB wage tracker,"Euro area, non-seasonally adjusted, wage tracker, including one-off payments, total economy, compiled by the ECB, annual rates of change",PT,0
EWT.M.U2.N.WT.INWS._T.4F0.GY,M,U2,N,WT,INWS,_T,4F0,GY,2014-02,1.80974922381023,A,F,,,P1M,A,,14,ECB wage tracker,"Euro area, non-seasonally adjusted, wage tracker, including one-off payments, total economy, compiled by the ECB, annual rates of change",PT,0
EWT.M.U2.N.WT.INWS._T.4F0.GY,M,U2,N,WT,INWS,_T,4F0,GY,2014-03,1.96315429111414,A,F,,,P1M,A,,14,ECB wage tracker,"Euro area, non-seasonally adjusted, wage tracker, including one-off payments, total economy, compiled by the ECB, annual rates of change",PT,0
EWT.M.U2.N.WT.INWS._T.4F0.GY,M,U2,N,WT,INWS,_T,4F0,GY,2014-04,2.01192353773556,A,F,,,P1M,A,,14,ECB wage tracker,"Euro area, non-seasonally adjusted, wage tracker, including one-off payments, total economy, compiled by the ECB, annual rates of change",PT,0
EWT.M.U2.N.WT.INWS._T.4F0.GY,M,U2,N,WT,INWS,_T,4F0,GY,2014-05,2.1495974591576,A,F,,,P1M,A,,14,ECB wage tracker,"Euro area, non-seasonally adjusted, wage tracker, including one-off payments, total economy, compiled by the ECB, annual rates of change",PT,0
EWT.M.U2.N.WT.INWS._T.4F0.GY,M,U2,N,WT,INWS,_T,4F0,GY,2014-06,2.16237691887649,A,F,,,P1M,A,,14,ECB wage tracker,"Euro area, non-seasonally adjusted, wage tracker, including one-off payments, total economy, compiled by the ECB, annual rates of change",PT,0
EWT.M.U2.N.WT.INWS._T.4F0.GY,M,U2,N,WT,INWS,_T,4F0,GY,2014-07,1.74911268932546,A,F,,,P1M,A,,14,ECB wage tracker,"Euro area, non-seasonally adjusted, wage tracker, including one-off payments, total economy, compiled by the ECB, annual rates of change",PT,0
EWT.M.U2.N.WT.INWS._T.4F0.GY,M,U2,N,WT,INWS,_T,4F0,GY,2014-08,1.70265692241403,A,F,,,P1M,A,,14,ECB wage tracker,"Euro area, non-seasonally adjusted, wage tracker, including one-off payments, total economy, compiled by the ECB, annual rates of change",PT,0
EWT.M.U2.N.WT.INWS._T.4F0.GY,M,U2,N,WT,INWS,_T,4F0,GY,2014-09,1.70552498702336,A,F,,,P1M,A,,14,ECB wage tracker,"Euro area, non-seasonally adjusted, wage tracker, including one-off payments, total economy, compiled by the ECB, annual rates of change",PT,0
EWT.M.U2.N.WT.INWS._T.4F0.GY,M,U2,N,WT,INWS,_T,4F0,GY,2014-10,1.73649171500976,A,F,,,P1M,A,,14,ECB wage tracker,"Euro area, non-seasonally adjusted, wage tracker, including one-off payments, total economy, compiled by the ECB, annual rates of change",PT,0
EWT.M.U2.N.WT.INWS._T.4F0.GY,M,U2,N,WT,INWS,_T,4F0,GY,2014-11,1.73820472873211,A,F,,,P1M,A,,14,ECB wage tracker,"Euro area, non-seasonally adjusted, wage tracker, including one-off payments, total economy, compiled by the ECB, annual rates of change",PT,0
EWT.M.U2.N.WT.INWS._T.4F0.GY,M,U2,N,WT,INWS,_T,4F0,GY,2014-12,1.73670808579085,A,F,,,P1M,A,,14,ECB wage tracker,"Euro area, non-seasonally adjusted, wage tracker, including one-off payments, total economy, compiled by the ECB, annual rates of change",PT,0
EWT.M.U2.N.WT.INWS._T.4F0.GY,M,U2,N,WT,INWS,_T,4F0,GY,2015-01,1.34688023883288,A,F,,,P1M,A,,14,ECB wage tracker,"Euro area, non-seasonally adjusted, wage tracker, including one-off payments, total economy, compiled by the ECB, annual rates of change",PT,0
EWT.M.U2.N.WT.INWS._T.4F0.GY,M,U2,N,WT,INWS,_T,4F0,GY,2015-02,1.33648961498081,A,F,,,P1M,A,,14,ECB wage tracker,"Euro area, non-seasonally adjusted, wage tracker, including one-off payments, total economy, compiled by the ECB, annual rates of change",PT,0
EWT.M.U2.N.WT.INWS._T.4F0.GY,M,U2,N,WT,INWS,_T,4F0,GY,2015-03,1.41238726893546,A,F,,,P1M,A,,14,ECB wage tracker,"Euro area, non-seasonally adjusted, wage tracker, including one-off payments, total economy, compiled by the ECB, annual rates of change",PT,0
EWT.M.U2.N.WT.INWS._T.4F0.GY,M,U2,N,WT,INWS,_T,4F0,GY,2015-04,1.55387489784696,A,F,,,P1M,A,,14,ECB wage tracker,"Euro area, non-seasonally adjusted, wage tracker, including one-off payments, total economy, compiled by the ECB, annual rates of change",PT,0
EWT.M.U2.N.WT.INWS._T.4F0.GY,M,U2,N,WT,INWS,_T,4F0,GY,2015-05,1.38400634206458,A,F,,,P1M,A,,14,ECB wage tracker,"Euro area, non-seasonally adjusted, wage tracker, including one-off payments, total economy, compiled by the ECB, annual rates of change",PT,0
EWT.M.U2.N.WT.INWS._T.4F0.GY,M,U2,N,WT,INWS,_T,4F0,GY,2015-06,1.40569746849949,A,F,,,P1M,A,,14,ECB wage tracker,"Euro area, non-seasonally adjusted, wage tracker, including one-off payments, total economy, compiled by the ECB, annual rates of change",PT,0
EWT.M.U2.N.WT.INWS._T.4F0.GY,M,U2,N,WT,INWS,_T,4F0,GY,2015-07,1.59223124753308,A,F,,,P1M,A,,14,ECB wage tracker,"Euro area, non-seasonally adjusted, wage tracker, including one-off payments, total economy, compiled by the ECB, annual rates of change",PT,0
EWT.M.U2.N.WT.INWS._T.4F0.GY,M,U2,N,WT,INWS,_T,4F0,GY,2015-08,1.54915523550035,A,F,,,P1M,A,,14,ECB wage tracker,"Euro area, non-seasonally adjusted, wage tracker, including one-off payments, total economy, compiled by the ECB, annual rates of change",PT,0
EWT.M.U2.N.WT.INWS._T.4F0.GY,M,U2,N,WT,INWS,_T,4F0,GY,2015-09,1.569776780346,A,F,,,P1M,A,,14,ECB wage tracker,"Euro area, non-seasonally adjusted, wage tracker, including one-off payments, total economy, compiled by the ECB, annual rates of change",PT,0
EWT.M.U2.N.WT.INWS._T.4F0.GY,M,U2,N,WT,INWS,_T,4F0,GY,2015-10,1.52116241548067,A,F,,,P1M,A,,14,ECB wage tracker,"Euro area, non-seasonally adjusted, wage tracker, including one-off payments, total economy, compiled by the ECB, annual rates of change",PT,0
EWT.M.U2.N.WT.INWS._T.4F0.GY,M,U2,N,WT,INWS,_T,4F0,GY,2015-11,1.54707114865343,A,F,,,P1M,A,,14,ECB wage tracker,"Euro area, non-seasonally adjusted, wage tracker, including one-off payments, total economy, compiled by the ECB, annual rates of change",PT,0
EWT.M.U2.N.WT.INWS._T.4F0.GY,M,U2,N,WT,INWS,_T,4F0,GY,2015-12,1.54322173112806,A,F,,,P1M,A,,14,ECB wage tracker,"Euro area, non-seasonally adjusted, wage tracker, including one-off payments, total economy, compiled by the ECB, annual rates of change",PT,0
EWT.M.U2.N.WT.INWS._T.4F0.GY,M,U2,N,WT,INWS,_T,4F0,GY,2016-01,1.49545120536873,A,F,,,P1M,A,,14,ECB wage tracker,"Euro area, non-seasonally adjusted, wage tracker, including one-off payments, total economy, compiled by the ECB, annual rates of change",PT,0
EWT.M.U2.N.WT.INWS._T.4F0.GY,M,U2,N,WT,INWS,_T,4F0,GY,2016-02,1.47051290218355,A,F,,,P1M,A,,14,ECB wage tracker,"Euro area, non-seasonally adjusted, wage tracker, including one-off payments, total economy, compiled by the ECB, annual rates of change",PT,0
EWT.M.U2.N.WT.INWS._T.4F0.GY,M,U2,N,WT,INWS,_T,4F0,GY,2016-03,1.42215244554701,A,F,,,P1M,A,,14,ECB wage tracker,"Euro area, non-seasonally adjusted, wage tracker, including one-off payments, total economy, compiled by the ECB, annual rates of change",PT,0
EWT.M.U2.N.WT.INWS._T.4F0.GY,M,U2,N,WT,INWS,_T,4F0,GY,2016-04,1.29435889673258,A,F,,,P1M,A,,14,ECB wage tracker,"Euro area, non-seasonally adjusted, wage tracker, including one-off payments, total economy, compiled by the ECB, annual rates of change",PT,0
EWT.M.U2.N.WT.INWS._T.4F0.GY,M,U2,N,WT,INWS,_T,4F0,GY,2016-05,1.38889346206484,A,F,,,P1M,A,,14,ECB wage tracker,"Euro area, non-seasonally adjusted, wage tracker, including one-off payments, total economy, compiled by the ECB, annual rates of change",PT,0
EWT.M.U2.N.WT.INWS._T.4F0.GY,M,U2,N,WT,INWS,_T,4F0,GY,2016-06,1.40837221877,A,F,,,P1M,A,,14,ECB wage tracker,"Euro area, non-seasonally adjusted, wage tracker, including one-off payments, total economy, compiled by the ECB, annual rates of change",PT,0
EWT.M.U2.N.WT.INWS._T.4F0.GY,M,U2,N,WT,INWS,_T,4F0,GY,2016-07,1.35558106904953,A,F,,,P1M,A,,14,ECB wage tracker,"Euro area, non-seasonally adjusted, wage tracker, including one-off payments, total economy, compiled by the ECB, annual rates of change",PT,0
EWT.M.U2.N.WT.INWS._T.4F0.GY,M,U2,N,WT,INWS,_T,4F0,GY,2016-08,1.35580722323774,A,F,,,P1M,A,,14,ECB wage tracker,"Euro area, non-seasonally adjusted, wage tracker, including one-off payments, total economy, compiled by the ECB, annual rates of change",PT,0
EWT.M.U2.N.WT.INWS._T.4F0.GY,M,U2,N,WT,INWS,_T,4F0,GY,2016-09,1.35617554770692,A,F,,,P1M,A,,14,ECB wage tracker,"Euro area, non-seasonally adjusted, wage tracker, including one-off payments, total economy, compiled by the ECB, annual rates of change",PT,0
EWT.M.U2.N.WT.INWS._T.4F0.GY,M,U2,N,WT,INWS,_T,4F0,GY,2016-10,1.37208737185843,A,F,,,P1M,A,,14,ECB wage tracker,"Euro area, non-seasonally adjusted, wage tracker, including one-off payments, total economy, compiled by the ECB, annual rates of change",PT,0
EWT.M.U2.N.WT.INWS._T.4F0.GY,M,U2,N,WT,INWS,_T,4F0,GY,2016-11,1.35237656305488,A,F,,,P1M,A,,14,ECB wage tracker,"Euro area, non-seasonally adjusted, wage tracker, including one-off payments, total economy, compiled by the ECB, annual rates of change",PT,0
EWT.M.U2.N.WT.INWS._T.4F0.GY,M,U2,N,WT,INWS,_T,4F0,GY,2016-12,1.34366442162776,A,F,,,P1M,A,,14,ECB wage tracker,"Euro area, non-seasonally adjusted, wage tracker, including one-off payments, total economy, compiled by the ECB, annual rates of change",PT,0
EWT.M.U2.N.WT.INWS._T.4F0.GY,M,U2,N,WT,INWS,_T,4F0,GY,2017-01,1.47711561701481,A,F,,,P1M,A,,14,ECB wage tracker,"Euro area, non-seasonally adjusted, wage tracker, including one-off payments, total economy, compiled by the ECB, annual rates of change",PT,0
EWT.M.U2.N.WT.INWS._T.4F0.GY,M,U2,N,WT,INWS,_T,4F0,GY,2017-02,1.57842098215373,A,F,,,P1M,A,,14,ECB wage tracker,"Euro area, non-seasonally adjusted, wage tracker, including one-off payments, total economy, compiled by the ECB, annual rates of change",PT,0
EWT.M.U2.N.WT.INWS._T.4F0.GY,M,U2,N,WT,INWS,_T,4F0,GY,2017-03,1.43806803842718,A,F,,,P1M,A,,14,ECB wage tracker,"Euro area, non-seasonally adjusted, wage tracker, including one-off payments, total economy, compiled by the ECB, annual rates of change",PT,0
EWT.M.U2.N.WT.INWS._T.4F0.GY,M,U2,N,WT,INWS,_T,4F0,GY,2017-04,1.46006380600555,A,F,,,P1M,A,,14,ECB wage tracker,"Euro area, non-seasonally adjusted, wage tracker, including one-off payments, total economy, compiled by the ECB, annual rates of change",PT,0
EWT.M.U2.N.WT.INWS._T.4F0.GY,M,U2,N,WT,INWS,_T,4F0,GY,2017-05,1.36510266510728,A,F,,,P1M,A,,14,ECB wage tracker,"Euro area, non-seasonally adjusted, wage tracker, including one-off payments, total economy, compiled by the ECB, annual rates of change",PT,0
EWT.M.U2.N.WT.INWS._T.4F0.GY,M,U2,N,WT,INWS,_T,4F0,GY,2017-06,1.37902494832864,A,F,,,P1M,A,,14,ECB wage tracker,"Euro area, non-seasonally adjusted, wage tracker, including one-off payments, total economy, compiled by the ECB, annual rates of change",PT,0
EWT.M.U2.N.WT.INWS._T.4F0.GY,M,U2,N,WT,INWS,_T,4F0,GY,2017-07,1.28562047183449,A,F,,,P1M,A,,14,ECB wage tracker,"Euro area, non-seasonally adjusted, wage tracker, including one-off payments, total economy, compiled by the ECB, annual rates of change",PT,0
EWT.M.U2.N.WT.INWS._T.4F0.GY,M,U2,N,WT,INWS,_T,4F0,GY,2017-08,1.42514202780178,A,F,,,P1M,A,,14,ECB wage tracker,"Euro area, non-seasonally adjusted, wage tracker, including one-off payments, total economy, compiled by the ECB, annual rates of change",PT,0
EWT.M.U2.N.WT.INWS._T.4F0.GY,M,U2,N,WT,INWS,_T,4F0,GY,2017-09,1.38577209810843,A,F,,,P1M,A,,14,ECB wage tracker,"Euro area, non-seasonally adjusted, wage tracker, including one-off payments, total economy, compiled by the ECB, annual rates of change",PT,0
EWT.M.U2.N.WT.INWS._T.4F0.GY,M,U2,N,WT,INWS,_T,4F0,GY,2017-10,1.38418353951409,A,F,,,P1M,A,,14,ECB wage tracker,"Euro area, non-seasonally adjusted, wage tracker, including one-off payments, total economy, compiled by the ECB, annual rates of change",PT,0
EWT.M.U2.N.WT.INWS._T.4F0.GY,M,U2,N,WT,INWS,_T,4F0,GY,2017-11,1.39462882664963,A,F,,,P1M,A,,14,ECB wage tracker,"Euro area, non-seasonally adjusted, wage tracker, including one-off payments, total economy, compiled by the ECB, annual rates of change",PT,0
EWT.M.U2.N.WT.INWS._T.4F0.GY,M,U2,N,WT,INWS,_T,4F0,GY,2017-12,1.39260117580791,A,F,,,P1M,A,,14,ECB wage tracker,"Euro area, non-seasonally adjusted, wage tracker, including one-off payments, total economy, compiled by the ECB, annual rates of change",PT,0
EWT.M.U2.N.WT.INWS._T.4F0.GY,M,U2,N,WT,INWS,_T,4F0,GY,2018-01,1.51723748994487,A,F,,,P1M,A,,14,ECB wage tracker,"Euro area, non-seasonally adjusted, wage tracker, including one-off payments, total economy, compiled by the ECB, annual rates of change",PT,0
EWT.M.U2.N.WT.INWS._T.4F0.GY,M,U2,N,WT,INWS,_T,4F0,GY,2018-02,1.46999266664156,A,F,,,P1M,A,,14,ECB wage tracker,"Euro area, non-seasonally adjusted, wage tracker, including one-off payments, total economy, compiled by the ECB, annual rates of change",PT,0
EWT.M.U2.N.WT.INWS._T.4F0.GY,M,U2,N,WT,INWS,_T,4F0,GY,2018-03,1.58797657247361,A,F,,,P1M,A,,14,ECB wage tracker,"Euro area, non-seasonally adjusted, wage tracker, including one-off payments, total economy, compiled by the ECB, annual rates of change",PT,0
EWT.M.U2.N.WT.INWS._T.4F0.GY,M,U2,N,WT,INWS,_T,4F0,GY,2018-04,1.87424894903723,A,F,,,P1M,A,,14,ECB wage tracker,"Euro area, non-seasonally adjusted, wage tracker, including one-off payments, total economy, compiled by the ECB, annual rates of change",PT,0
EWT.M.U2.N.WT.INWS._T.4F0.GY,M,U2,N,WT,INWS,_T,4F0,GY,2018-05,2.09307419918091,A,F,,,P1M,A,,14,ECB wage tracker,"Euro area, non-seasonally adjusted, wage tracker, including one-off payments, total economy, compiled by the ECB, annual rates of change",PT,0
EWT.M.U2.N.WT.INWS._T.4F0.GY,M,U2,N,WT,INWS,_T,4F0,GY,2018-06,2.13158244536171,A,F,,,P1M,A,,14,ECB wage tracker,"Euro area, non-seasonally adjusted, wage tracker, including one-off payments, total economy, compiled by the ECB, annual rates of change",PT,0
EWT.M.U2.N.WT.INWS._T.4F0.GY,M,U2,N,WT,INWS,_T,4F0,GY,2018-07,2.12534343429455,A,F,,,P1M,A,,14,ECB wage tracker,"Euro area, non-seasonally adjusted, wage tracker, including one-off payments, total economy, compiled by the ECB, annual rates of change",PT,0
EWT.M.U2.N.WT.INWS._T.4F0.GY,M,U2,N,WT,INWS,_T,4F0,GY,2018-08,2.0106036047191,A,F,,,P1M,A,,14,ECB wage tracker,"Euro area, non-seasonally adjusted, wage tracker, including one-off payments, total economy, compiled by the ECB, annual rates of change",PT,0
EWT.M.U2.N.WT.INWS._T.4F0.GY,M,U2,N,WT,INWS,_T,4F0,GY,2018-09,2.05416576405361,A,F,,,P1M,A,,14,ECB wage tracker,"Euro area, non-seasonally adjusted, wage tracker, including one-off payments, total economy, compiled by the ECB, annual rates of change",PT,0
EWT.M.U2.N.WT.INWS._T.4F0.GY,M,U2,N,WT,INWS,_T,4F0,GY,2018-10,2.1322466978225,A,F,,,P1M,A,,14,ECB wage tracker,"Euro area, non-seasonally adjusted, wage tracker, including one-off payments, total economy, compiled by the ECB, annual rates of change",PT,0
EWT.M.U2.N.WT.INWS._T.4F0.GY,M,U2,N,WT,INWS,_T,4F0,GY,2018-11,2.14349045183561,A,F,,,P1M,A,,14,ECB wage tracker,"Euro area, non-seasonally adjusted, wage tracker, including one-off payments, total economy, compiled by the ECB, annual rates of change",PT,0
EWT.M.U2.N.WT.INWS._T.4F0.GY,M,U2,N,WT,INWS,_T,4F0,GY,2018-12,2.15600481220257,A,F,,,P1M,A,,14,ECB wage tracker,"Euro area, non-seasonally adjusted, wage tracker, including one-off payments, total economy, compiled by the ECB, annual rates of change",PT,0
EWT.M.U2.N.WT.INWS._T.4F0.GY,M,U2,N,WT,INWS,_T,4F0,GY,2019-01,2.30522896415113,A,F,,,P1M,A,,14,ECB wage tracker,"Euro area, non-seasonally adjusted, wage tracker, including one-off payments, total economy, compiled by the ECB, annual rates of change",PT,0
EWT.M.U2.N.WT.INWS._T.4F0.GY,M,U2,N,WT,INWS,_T,4F0,GY,2019-02,2.31360178545846,A,F,,,P1M,A,,14,ECB wage tracker,"Euro area, non-seasonally adjusted, wage tracker, including one-off payments, total economy, compiled by the ECB, annual rates of change",PT,0
EWT.M.U2.N.WT.INWS._T.4F0.GY,M,U2,N,WT,INWS,_T,4F0,GY,2019-03,2.16125471983078,A,F,,,P1M,A,,14,ECB wage tracker,"Euro area, non-seasonally adjusted, wage tracker, including one-off payments, total economy, compiled by the ECB, annual rates of change",PT,0
EWT.M.U2.N.WT.INWS._T.4F0.GY,M,U2,N,WT,INWS,_T,4F0,GY,2019-04,1.99869714139684,A,F,,,P1M,A,,14,ECB wage tracker,"Euro area, non-seasonally adjusted, wage tracker, including one-off payments, total economy, compiled by the ECB, annual rates of change",PT,0
EWT.M.U2.N.WT.INWS._T.4F0.GY,M,U2,N,WT,INWS,_T,4F0,GY,2019-05,1.70216173241035,A,F,,,P1M,A,,14,ECB wage tracker,"Euro area, non-seasonally adjusted, wage tracker, including one-off payments, total economy, compiled by the ECB, annual rates of change",PT,0
EWT.M.U2.N.WT.INWS._T.4F0.GY,M,U2,N,WT,INWS,_T,4F0,GY,2019-06,1.5526180478828,A,F,,,P1M,A,,14,ECB wage tracker,"Euro area, non-seasonally adjusted, wage tracker, including one-off payments, total economy, compiled by the ECB, annual rates of change",PT,0
EWT.M.U2.N.WT.INWS._T.4F0.GY,M,U2,N,WT,INWS,_T,4F0,GY,2019-07,1.94148700661315,A,F,,,P1M,A,,14,ECB wage tracker,"Euro area, non-seasonally adjusted, wage tracker, including one-off payments, total economy, compiled by the ECB, annual rates of change",PT,0
EWT.M.U2.N.WT.INWS._T.4F0.GY,M,U2,N,WT,INWS,_T,4F0,GY,2019-08,1.94114830216261,A,F,,,P1M,A,,14,ECB wage tracker,"Euro area, non-seasonally adjusted, wage tracker, including one-off payments, total economy, compiled by the ECB, annual rates of change",PT,0
EWT.M.U2.N.WT.INWS._T.4F0.GY,M,U2,N,WT,INWS,_T,4F0,GY,2019-09,1.93974478503536,A,F,,,P1M,A,,14,ECB wage tracker,"Euro area, non-seasonally adjusted, wage tracker, including one-off payments, total economy, compiled by the ECB, annual rates of change",PT,0
EWT.M.U2.N.WT.INWS._T.4F0.GY,M,U2,N,WT,INWS,_T,4F0,GY,2019-10,1.91279384011842,A,F,,,P1M,A,,14,ECB wage tracker,"Euro area, non-seasonally adjusted, wage tracker, including one-off payments, total economy, compiled by the ECB, annual rates of change",PT,0
EWT.M.U2.N.WT.INWS._T.4F0.GY,M,U2,N,WT,INWS,_T,4F0,GY,2019-11,1.87571973351377,A,F,,,P1M,A,,14,ECB wage tracker,"Euro area, non-seasonally adjusted, wage tracker, including one-off payments, total economy, compiled by the ECB, annual rates of change",PT,0
EWT.M.U2.N.WT.INWS._T.4F0.GY,M,U2,N,WT,INWS,_T,4F0,GY,2019-12,1.89818202793848,A,F,,,P1M,A,,14,ECB wage tracker,"Euro area, non-seasonally adjusted, wage tracker, including one-off payments, total economy, compiled by the ECB, annual rates of change",PT,0
EWT.M.U2.N.WT.INWS._T.4F0.GY,M,U2,N,WT,INWS,_T,4F0,GY,2020-01,1.83650173051042,A,F,,,P1M,A,,14,ECB wage tracker,"Euro area, non-seasonally adjusted, wage tracker, including one-off payments, total economy, compiled by the ECB, annual rates of change",PT,0
EWT.M.U2.N.WT.INWS._T.4F0.GY,M,U2,N,WT,INWS,_T,4F0,GY,2020-02,1.80053931948343,A,F,,,P1M,A,,14,ECB wage tracker,"Euro area, non-seasonally adjusted, wage tracker, including one-off payments, total economy, compiled by the ECB, annual rates of change",PT,0
EWT.M.U2.N.WT.INWS._T.4F0.GY,M,U2,N,WT,INWS,_T,4F0,GY,2020-03,1.83293710481517,A,F,,,P1M,A,,14,ECB wage tracker,"Euro area, non-seasonally adjusted, wage tracker, including one-off payments, total economy, compiled by the ECB, annual rates of change",PT,0
EWT.M.U2.N.WT.INWS._T.4F0.GY,M,U2,N,WT,INWS,_T,4F0,GY,2020-04,1.64202776857099,A,F,,,P1M,A,,14,ECB wage tracker,"Euro area, non-seasonally adjusted, wage tracker, including one-off payments, total economy, compiled by the ECB, annual rates of change",PT,0
EWT.M.U2.N.WT.INWS._T.4F0.GY,M,U2,N,WT,INWS,_T,4F0,GY,2020-05,1.6802741379977,A,F,,,P1M,A,,14,ECB wage tracker,"Euro area, non-seasonally adjusted, wage tracker, including one-off payments, total economy, compiled by the ECB, annual rates of change",PT,0
EWT.M.U2.N.WT.INWS._T.4F0.GY,M,U2,N,WT,INWS,_T,4F0,GY,2020-06,1.69691412007798,A,F,,,P1M,A,,14,ECB wage tracker,"Euro area, non-seasonally adjusted, wage tracker, including one-off payments, total economy, compiled by the ECB, annual rates of change",PT,0
EWT.M.U2.N.WT.INWS._T.4F0.GY,M,U2,N,WT,INWS,_T,4F0,GY,2020-07,1.32278297334264,A,F,,,P1M,A,,14,ECB wage tracker,"Euro area, non-seasonally adjusted, wage tracker, including one-off payments, total economy, compiled by the ECB, annual rates of change",PT,0
EWT.M.U2.N.WT.INWS._T.4F0.GY,M,U2,N,WT,INWS,_T,4F0,GY,2020-08,1.31265555927495,A,F,,,P1M,A,,14,ECB wage tracker,"Euro area, non-seasonally adjusted, wage tracker, including one-off payments, total economy, compiled by the ECB, annual rates of change",PT,0
EWT.M.U2.N.WT.INWS._T.4F0.GY,M,U2,N,WT,INWS,_T,4F0,GY,2020-09,1.29167481324174,A,F,,,P1M,A,,14,ECB wage tracker,"Euro area, non-seasonally adjusted, wage tracker, including one-off payments, total economy, compiled by the ECB, annual rates of change",PT,0
EWT.M.U2.N.WT.INWS._T.4F0.GY,M,U2,N,WT,INWS,_T,4F0,GY,2020-10,1.23931627491154,A,F,,,P1M,A,,14,ECB wage tracker,"Euro area, non-seasonally adjusted, wage tracker, including one-off payments, total economy, compiled by the ECB, annual rates of change",PT,0
EWT.M.U2.N.WT.INWS._T.4F0.GY,M,U2,N,WT,INWS,_T,4F0,GY,2020-11,1.25959743383447,A,F,,,P1M,A,,14,ECB wage tracker,"Euro area, non-seasonally adjusted, wage tracker, including one-off payments, total economy, compiled by the ECB, annual rates of change",PT,0
EWT.M.U2.N.WT.INWS._T.4F0.GY,M,U2,N,WT,INWS,_T,4F0,GY,2020-12,1.29791104378284,A,F,,,P1M,A,,14,ECB wage tracker,"Euro area, non-seasonally adjusted, wage tracker, including one-off payments, total economy, compiled by the ECB, annual rates of change",PT,0
EWT.M.U2.N.WT.INWS._T.4F0.GY,M,U2,N,WT,INWS,_T,4F0,GY,2021-01,1.1315978259061,A,F,,,P1M,A,,14,ECB wage tracker,"Euro area, non-seasonally adjusted, wage tracker, including one-off payments, total economy, compiled by the ECB, annual rates of change",PT,0
EWT.M.U2.N.WT.INWS._T.4F0.GY,M,U2,N,WT,INWS,_T,4F0,GY,2021-02,1.14008103285255,A,F,,,P1M,A,,14,ECB wage tracker,"Euro area, non-seasonally adjusted, wage tracker, including one-off payments, total economy, compiled by the ECB, annual rates of change",PT,0
EWT.M.U2.N.WT.INWS._T.4F0.GY,M,U2,N,WT,INWS,_T,4F0,GY,2021-03,1.09527402519122,A,F,,,P1M,A,,14,ECB wage tracker,"Euro area, non-seasonally adjusted, wage tracker, including one-off payments, total economy, compiled by the ECB, annual rates of change",PT,0
EWT.M.U2.N.WT.INWS._T.4F0.GY,M,U2,N,WT,INWS,_T,4F0,GY,2021-04,1.20994469030145,A,F,,,P1M,A,,14,ECB wage tracker,"Euro area, non-seasonally adjusted, wage tracker, including one-off payments, total economy, compiled by the ECB, annual rates of change",PT,0
EWT.M.U2.N.WT.INWS._T.4F0.GY,M,U2,N,WT,INWS,_T,4F0,GY,2021-05,1.29774785920229,A,F,,,P1M,A,,14,ECB wage tracker,"Euro area, non-seasonally adjusted, wage tracker, including one-off payments, total economy, compiled by the ECB, annual rates of change",PT,0
EWT.M.U2.N.WT.INWS._T.4F0.GY,M,U2,N,WT,INWS,_T,4F0,GY,2021-06,1.40885794097509,A,F,,,P1M,A,,14,ECB wage tracker,"Euro area, non-seasonally adjusted, wage tracker, including one-off payments, total economy, compiled by the ECB, annual rates of change",PT,0
EWT.M.U2.N.WT.INWS._T.4F0.GY,M,U2,N,WT,INWS,_T,4F0,GY,2021-07,1.30155917355298,A,F,,,P1M,A,,14,ECB wage tracker,"Euro area, non-seasonally adjusted, wage tracker, including one-off payments, total economy, compiled by the ECB, annual rates of change",PT,0
EWT.M.U2.N.WT.INWS._T.4F0.GY,M,U2,N,WT,INWS,_T,4F0,GY,2021-08,1.44332187346658,A,F,,,P1M,A,,14,ECB wage tracker,"Euro area, non-seasonally adjusted, wage tracker, including one-off payments, total economy, compiled by the ECB, annual rates of change",PT,0
EWT.M.U2.N.WT.INWS._T.4F0.GY,M,U2,N,WT,INWS,_T,4F0,GY,2021-09,1.44617749158312,A,F,,,P1M,A,,14,ECB wage tracker,"Euro area, non-seasonally adjusted, wage tracker, including one-off payments, total economy, compiled by the ECB, annual rates of change",PT,0
EWT.M.U2.N.WT.INWS._T.4F0.GY,M,U2,N,WT,INWS,_T,4F0,GY,2021-10,1.57899504787664,A,F,,,P1M,A,,14,ECB wage tracker,"Euro area, non-seasonally adjusted, wage tracker, including one-off payments, total economy, compiled by the ECB, annual rates of change",PT,0
EWT.M.U2.N.WT.INWS._T.4F0.GY,M,U2,N,WT,INWS,_T,4F0,GY,2021-11,1.57749793359805,A,F,,,P1M,A,,14,ECB wage tracker,"Euro area, non-seasonally adjusted, wage tracker, including one-off payments, total economy, compiled by the ECB, annual rates of change",PT,0
EWT.M.U2.N.WT.INWS._T.4F0.GY,M,U2,N,WT,INWS,_T,4F0,GY,2021-12,1.52501070475186,A,F,,,P1M,A,,14,ECB wage tracker,"Euro area, non-seasonally adjusted, wage tracker, including one-off payments, total economy, compiled by the ECB, annual rates of change",PT,0
EWT.M.U2.N.WT.INWS._T.4F0.GY,M,U2,N,WT,INWS,_T,4F0,GY,2022-01,2.17874072133789,A,F,,,P1M,A,,14,ECB wage tracker,"Euro area, non-seasonally adjusted, wage tracker, including one-off payments, total economy, compiled by the ECB, annual rates of change",PT,0
EWT.M.U2.N.WT.INWS._T.4F0.GY,M,U2,N,WT,INWS,_T,4F0,GY,2022-02,2.27667436459138,A,F,,,P1M,A,,14,ECB wage tracker,"Euro area, non-seasonally adjusted, wage tracker, including one-off payments, total economy, compiled by the ECB, annual rates of change",PT,0
EWT.M.U2.N.WT.INWS._T.4F0.GY,M,U2,N,WT,INWS,_T,4F0,GY,2022-03,2.47170211773467,A,F,,,P1M,A,,14,ECB wage tracker,"Euro area, non-seasonally adjusted, wage tracker, including one-off payments, total economy, compiled by the ECB, annual rates of change",PT,0
EWT.M.U2.N.WT.INWS._T.4F0.GY,M,U2,N,WT,INWS,_T,4F0,GY,2022-04,2.96922535794996,A,F,,,P1M,A,,14,ECB wage tracker,"Euro area, non-seasonally adjusted, wage tracker, including one-off payments, total economy, compiled by the ECB, annual rates of change",PT,0
EWT.M.U2.N.WT.INWS._T.4F0.GY,M,U2,N,WT,INWS,_T,4F0,GY,2022-05,3.02169777860333,A,F,,,P1M,A,,14,ECB wage tracker,"Euro area, non-seasonally adjusted, wage tracker, including one-off payments, total economy, compiled by the ECB, annual rates of change",PT,0
EWT.M.U2.N.WT.INWS._T.4F0.GY,M,U2,N,WT,INWS,_T,4F0,GY,2022-06,2.88419424899397,A,F,,,P1M,A,,14,ECB wage tracker,"Euro area, non-seasonally adjusted, wage tracker, including one-off payments, total economy, compiled by the ECB, annual rates of change",PT,0
EWT.M.U2.N.WT.INWS._T.4F0.GY,M,U2,N,WT,INWS,_T,4F0,GY,2022-07,3.22209858402692,A,F,,,P1M,A,,14,ECB wage tracker,"Euro area, non-seasonally adjusted, wage tracker, including one-off payments, total economy, compiled by the ECB, annual rates of change",PT,0
EWT.M.U2.N.WT.INWS._T.4F0.GY,M,U2,N,WT,INWS,_T,4F0,GY,2022-08,3.1070753587311,A,F,,,P1M,A,,14,ECB wage tracker,"Euro area, non-seasonally adjusted, wage tracker, including one-off payments, total economy, compiled by the ECB, annual rates of change",PT,0
EWT.M.U2.N.WT.INWS._T.4F0.GY,M,U2,N,WT,INWS,_T,4F0,GY,2022-09,3.10098073729619,A,F,,,P1M,A,,14,ECB wage tracker,"Euro area, non-seasonally adjusted, wage tracker, including one-off payments, total economy, compiled by the ECB, annual rates of change",PT,0
EWT.M.U2.N.WT.INWS._T.4F0.GY,M,U2,N,WT,INWS,_T,4F0,GY,2022-10,3.3295839011584,A,F,,,P1M,A,,14,ECB wage tracker,"Euro area, non-seasonally adjusted, wage tracker, including one-off payments, total economy, compiled by the ECB, annual rates of change",PT,0
EWT.M.U2.N.WT.INWS._T.4F0.GY,M,U2,N,WT,INWS,_T,4F0,GY,2022-11,3.47329975785076,A,F,,,P1M,A,,14,ECB wage tracker,"Euro area, non-seasonally adjusted, wage tracker, including one-off payments, total economy, compiled by the ECB, annual rates of change",PT,0
EWT.M.U2.N.WT.INWS._T.4F0.GY,M,U2,N,WT,INWS,_T,4F0,GY,2022-12,3.74574428829708,A,F,,,P1M,A,,14,ECB wage tracker,"Euro area, non-seasonally adjusted, wage tracker, including one-off payments, total economy, compiled by the ECB, annual rates of change",PT,0
EWT.M.U2.N.WT.INWS._T.4F0.GY,M,U2,N,WT,INWS,_T,4F0,GY,2023-01,4.29942435943828,A,F,,,P1M,A,,14,ECB wage tracker,"Euro area, non-seasonally adjusted, wage tracker, including one-off payments, total economy, compiled by the ECB, annual rates of change",PT,0
EWT.M.U2.N.WT.INWS._T.4F0.GY,M,U2,N,WT,INWS,_T,4F0,GY,2023-02,4.34153568483614,A,F,,,P1M,A,,14,ECB wage tracker,"Euro area, non-seasonally adjusted, wage tracker, including one-off payments, total economy, compiled by the ECB, annual rates of change",PT,0
EWT.M.U2.N.WT.INWS._T.4F0.GY,M,U2,N,WT,INWS,_T,4F0,GY,2023-03,4.0684278993736,A,F,,,P1M,A,,14,ECB wage tracker,"Euro area, non-seasonally adjusted, wage tracker, including one-off payments, total economy, compiled by the ECB, annual rates of change",PT,0
EWT.M.U2.N.WT.INWS._T.4F0.GY,M,U2,N,WT,INWS,_T,4F0,GY,2023-04,4.00365151055404,A,F,,,P1M,A,,14,ECB wage tracker,"Euro area, non-seasonally adjusted, wage tracker, including one-off payments, total economy, compiled by the ECB, annual rates of change",PT,0
EWT.M.U2.N.WT.INWS._T.4F0.GY,M,U2,N,WT,INWS,_T,4F0,GY,2023-05,3.94743203207162,A,F,,,P1M,A,,14,ECB wage tracker,"Euro area, non-seasonally adjusted, wage tracker, including one-off payments, total economy, compiled by the ECB, annual rates of change",PT,0
EWT.M.U2.N.WT.INWS._T.4F0.GY,M,U2,N,WT,INWS,_T,4F0,GY,2023-06,4.6217253020137,A,F,,,P1M,A,,14,ECB wage tracker,"Euro area, non-seasonally adjusted, wage tracker, including one-off payments, total economy, compiled by the ECB, annual rates of change",PT,0
EWT.M.U2.N.WT.INWS._T.4F0.GY,M,U2,N,WT,INWS,_T,4F0,GY,2023-07,4.63957331772361,A,F,,,P1M,A,,14,ECB wage tracker,"Euro area, non-seasonally adjusted, wage tracker, including one-off payments, total economy, compiled by the ECB, annual rates of change",PT,0
EWT.M.U2.N.WT.INWS._T.4F0.GY,M,U2,N,WT,INWS,_T,4F0,GY,2023-08,4.67327603902552,A,F,,,P1M,A,,14,ECB wage tracker,"Euro area, non-seasonally adjusted, wage tracker, including one-off payments, total economy, compiled by the ECB, annual rates of change",PT,0
EWT.M.U2.N.WT.INWS._T.4F0.GY,M,U2,N,WT,INWS,_T,4F0,GY,2023-09,4.76598036404671,A,F,,,P1M,A,,14,ECB wage tracker,"Euro area, non-seasonally adjusted, wage tracker, including one-off payments, total economy, compiled by the ECB, annual rates of change",PT,0
EWT.M.U2.N.WT.INWS._T.4F0.GY,M,U2,N,WT,INWS,_T,4F0,GY,2023-10,4.64754777532673,A,F,,,P1M,A,,14,ECB wage tracker,"Euro area, non-seasonally adjusted, wage tracker, including one-off payments, total economy, compiled by the ECB, annual rates of change",PT,0
EWT.M.U2.N.WT.INWS._T.4F0.GY,M,U2,N,WT,INWS,_T,4F0,GY,2023-11,4.5395977836469,A,F,,,P1M,A,,14,ECB wage tracker,"Euro area, non-seasonally adjusted, wage tracker, including one-off payments, total economy, compiled by the ECB, annual rates of change",PT,0
EWT.M.U2.N.WT.INWS._T.4F0.GY,M,U2,N,WT,INWS,_T,4F0,GY,2023-12,4.2832347339121,A,F,,,P1M,A,,14,ECB wage tracker,"Euro area, non-seasonally adjusted, wage tracker, including one-off payments, total economy, compiled by the ECB, annual rates of change",PT,0
EWT.M.U2.N.WT.INWS._T.4F0.GY,M,U2,N,WT,INWS,_T,4F0,GY,2024-01,3.77165250757663,A,F,,,P1M,A,,14,ECB wage tracker,"Euro area, non-seasonally adjusted, wage tracker, including one-off payments, total economy, compiled by the ECB, annual rates of change",PT,0
EWT.M.U2.N.WT.INWS._T.4F0.GY,M,U2,N,WT,INWS,_T,4F0,GY,2024-02,3.74478592907472,A,F,,,P1M,A,,14,ECB wage tracker,"Euro area, non-seasonally adjusted, wage tracker, including one-off payments, total economy, compiled by the ECB, annual rates of change",PT,0
EWT.M.U2.N.WT.INWS._T.4F0.GY,M,U2,N,WT,INWS,_T,4F0,GY,2024-03,4.60929475210188,A,F,,,P1M,A,,14,ECB wage tracker,"Euro area, non-seasonally adjusted, wage tracker, including one-off payments, total economy, compiled by the ECB, annual rates of change",PT,0
EWT.M.U2.N.WT.INWS._T.4F0.GY,M,U2,N,WT,INWS,_T,4F0,GY,2024-04,4.3285965940534,A,F,,,P1M,A,,14,ECB wage tracker,"Euro area, non-seasonally adjusted, wage tracker, including one-off payments, total economy, compiled by the ECB, annual rates of change",PT,0
EWT.M.U2.N.WT.INWS._T.4F0.GY,M,U2,N,WT,INWS,_T,4F0,GY,2024-05,4.55245969659054,A,F,,,P1M,A,,14,ECB wage tracker,"Euro area, non-seasonally adjusted, wage tracker, including one-off payments, total economy, compiled by the ECB, annual rates of change",PT,0
EWT.M.U2.N.WT.INWS._T.4F0.GY,M,U2,N,WT,INWS,_T,4F0,GY,2024-06,4.03857880598812,A,F,,,P1M,A,,14,ECB wage tracker,"Euro area, non-seasonally adjusted, wage tracker, including one-off payments, total economy, compiled by the ECB, annual rates of change",PT,0
EWT.M.U2.N.WT.INWS._T.4F0.GY,M,U2,N,WT,INWS,_T,4F0,GY,2024-07,4.69712589777463,A,F,,,P1M,A,,14,ECB wage tracker,"Euro area, non-seasonally adjusted, wage tracker, including one-off payments, total economy, compiled by the ECB, annual rates of change",PT,0
EWT.M.U2.N.WT.INWS._T.4F0.GY,M,U2,N,WT,INWS,_T,4F0,GY,2024-08,5.18344530651006,A,F,,,P1M,A,,14,ECB wage tracker,"Euro area, non-seasonally adjusted, wage tracker, including one-off payments, total economy, compiled by the ECB, annual rates of change",PT,0
EWT.M.U2.N.WT.INWS._T.4F0.GY,M,U2,N,WT,INWS,_T,4F0,GY,2024-09,5.15312173917888,A,F,,,P1M,A,,14,ECB wage tracker,"Euro area, non-seasonally adjusted, wage tracker, including one-off payments, total economy, compiled by the ECB, annual rates of change",PT,0
EWT.M.U2.N.WT.INWS._T.4F0.GY,M,U2,N,WT,INWS,_T,4F0,GY,2024-10,5.04633137069052,A,F,,,P1M,A,,14,ECB wage tracker,"Euro area, non-seasonally adjusted, wage tracker, including one-off payments, total economy, compiled by the ECB, annual rates of change",PT,0
EWT.M.U2.N.WT.INWS._T.4F0.GY,M,U2,N,WT,INWS,_T,4F0,GY,2024-11,5.28278632323095,A,F,,,P1M,A,,14,ECB wage tracker,"Euro area, non-seasonally adjusted, wage tracker, including one-off payments, total economy, compiled by the ECB, annual rates of change",PT,0
EWT.M.U2.N.WT.INWS._T.4F0.GY,M,U2,N,WT,INWS,_T,4F0,GY,2024-12,5.25865211490021,A,F,,,P1M,A,,14,ECB wage tracker,"Euro area, non-seasonally adjusted, wage tracker, including one-off payments, total economy, compiled by the ECB, annual rates of change",PT,0
EWT.M.U2.N.WT.INWS._T.4F0.GY,M,U2,N,WT,INWS,_T,4F0,GY,2025-01,4.92250171588655,P,F,,,P1M,A,,14,ECB wage tracker,"Euro area, non-seasonally adjusted, wage tracker, including one-off payments, total economy, compiled by the ECB, annual rates of change",PT,0
EWT.M.U2.N.WT.INWS._T.4F0.GY,M,U2,N,WT,INWS,_T,4F0,GY,2025-02,5.02774065905903,P,F,,,P1M,A,,14,ECB wage tracker,"Euro area, non-seasonally adjusted, wage tracker, including one-off payments, total economy, compiled by the ECB, annual rates of change",PT,0
EWT.M.U2.N.WT.INWS._T.4F0.GY,M,U2,N,WT,INWS,_T,4F0,GY,2025-03,4.08116966046382,P,F,,,P1M,A,,14,ECB wage tracker,"Euro area, non-seasonally adjusted, wage tracker, including one-off payments, total economy, compiled by the ECB, annual rates of change",PT,0
EWT.M.U2.N.WT.INWS._T.4F0.GY,M,U2,N,WT,INWS,_T,4F0,GY,2025-04,4.20259382677977,P,F,,,P1M,A,,14,ECB wage tracker,"Euro area, non-seasonally adjusted, wage tracker, including one-off payments, total economy, compiled by the ECB, annual rates of change",PT,0
EWT.M.U2.N.WT.INWS._T.4F0.GY,M,U2,N,WT,INWS,_T,4F0,GY,2025-05,3.95596229178167,P,F,,,P1M,A,,14,ECB wage tracker,"Euro area, non-seasonally adjusted, wage tracker, including one-off payments, total economy, compiled by the ECB, annual rates of change",PT,0
EWT.M.U2.N.WT.INWS._T.4F0.GY,M,U2,N,WT,INWS,_T,4F0,GY,2025-06,3.84090366434678,P,F,,,P1M,A,,14,ECB wage tracker,"Euro area, non-seasonally adjusted, wage tracker, including one-off payments, total economy, compiled by the ECB, annual rates of change",PT,0
EWT.M.U2.N.WT.INWS._T.4F0.GY,M,U2,N,WT,INWS,_T,4F0,GY,2025-07,2.79228904298699,P,F,,,P1M,A,,14,ECB wage tracker,"Euro area, non-seasonally adjusted, wage tracker, including one-off payments, total economy, compiled by the ECB, annual rates of change",PT,0
EWT.M.U2.N.WT.INWS._T.4F0.GY,M,U2,N,WT,INWS,_T,4F0,GY,2025-08,2.10392265319051,P,F,,,P1M,A,,14,ECB wage tracker,"Euro area, non-seasonally adjusted, wage tracker, including one-off payments, total economy, compiled by the ECB, annual rates of change",PT,0
EWT.M.U2.N.WT.INWS._T.4F0.GY,M,U2,N,WT,INWS,_T,4F0,GY,2025-09,2.01649499597818,P,F,,,P1M,A,,14,ECB wage tracker,"Euro area, non-seasonally adjusted, wage tracker, including one-off payments, total economy, compiled by the ECB, annual rates of change",PT,0
EWT.M.U2.N.WT.INWS._T.4F0.GY,M,U2,N,WT,INWS,_T,4F0,GY,2025-10,1.92479212036366,P,F,,,P1M,A,,14,ECB wage tracker,"Euro area, non-seasonally adjusted, wage tracker, including one-off payments, total economy, compiled by the ECB, annual rates of change",PT,0
EWT.M.U2.N.WT.INWS._T.4F0.GY,M,U2,N,WT,INWS,_T,4F0,GY,2025-11,1.77221493582117,P,F,,,P1M,A,,14,ECB wage tracker,"Euro area, non-seasonally adjusted, wage tracker, including one-off payments, total economy, compiled by the ECB, annual rates of change",PT,0
EWT.M.U2.N.WT.INWS._T.4F0.GY,M,U2,N,WT,INWS,_T,4F0,GY,2025-12,1.79343559916938,P,F,,,P1M,A,,14,ECB wage tracker,"Euro area, non-seasonally adjusted, wage tracker, including one-off payments, total economy, compiled by the ECB, annual rates of change",PT,0
EWT.M.U2.N.WT.INWS._T.4F0.GY,M,U2,N,WT,INWS,_T,4F0,GY,2026-01,1.90639121663599,E,F,,,P1M,A,,14,ECB wage tracker,"Euro area, non-seasonally adjusted, wage tracker, including one-off payments, total economy, compiled by the ECB, annual rates of change",PT,0
EWT.M.U2.N.WT.INWS._T.4F0.GY,M,U2,N,WT,INWS,_T,4F0,GY,2026-02,1.70222450837063,E,F,,,P1M,A,,14,ECB wage tracker,"Euro area, non-seasonally adjusted, wage tracker, including one-off payments, total economy, compiled by the ECB, annual rates of change",PT,0
EWT.M.U2.N.WT.INWS._T.4F0.GY,M,U2,N,WT,INWS,_T,4F0,GY,2026-03,1.89119153896407,E,F,,,P1M,A,,14,ECB wage tracker,"Euro area, non-seasonally adjusted, wage tracker, including one-off payments, total economy, compiled by the ECB, annual rates of change",PT,0
EWT.M.U2.N.WT.INWS._T.4F0.GY,M,U2,N,WT,INWS,_T,4F0,GY,2026-04,1.89062883159457,E,F,,,P1M,A,,14,ECB wage tracker,"Euro area, non-seasonally adjusted, wage tracker, including one-off payments, total economy, compiled by the ECB, annual rates of change",PT,0
EWT.M.U2.N.WT.INWS._T.4F0.GY,M,U2,N,WT,INWS,_T,4F0,GY,2026-05,2.25601791225825,E,F,,,P1M,A,,14,ECB wage tracker,"Euro area, non-seasonally adjusted, wage tracker, including one-off payments, total economy, compiled by the ECB, annual rates of change",PT,0
EWT.M.U2.N.WT.INWS._T.4F0.GY,M,U2,N,WT,INWS,_T,4F0,GY,2026-06,2.27532820272354,E,F,,,P1M,A,,14,ECB wage tracker,"Euro area, non-seasonally adjusted, wage tracker, including one-off payments, total economy, compiled by the ECB, annual rates of change",PT,0
EWT.M.U2.N.WT.INWS._T.4F0.GY,M,U2,N,WT,INWS,_T,4F0,GY,2026-07,2.56801547020788,E,F,,,P1M,A,,14,ECB wage tracker,"Euro area, non-seasonally adjusted, wage tracker, including one-off payments, total economy, compiled by the ECB, annual rates of change",PT,0
EWT.M.U2.N.WT.INWS._T.4F0.GY,M,U2,N,WT,INWS,_T,4F0,GY,2026-08,2.54967032923347,E,F,,,P1M,A,,14,ECB wage tracker,"Euro area, non-seasonally adjusted, wage tracker, including one-off payments, total economy, compiled by the ECB, annual rates of change",PT,0
EWT.M.U2.N.WT.INWS._T.4F0.GY,M,U2,N,WT,INWS,_T,4F0,GY,2026-09,2.65241089150832,E,F,,,P1M,A,,14,ECB wage tracker,"Euro area, non-seasonally adjusted, wage tracker, including one-off payments, total economy, compiled by the ECB, annual rates of change",PT,0
EWT.M.U2.N.WT.INWS._T.4F0.GY,M,U2,N,WT,INWS,_T,4F0,GY,2026-10,2.67738966262634,E,F,,,P1M,A,,14,ECB wage tracker,"Euro area, non-seasonally adjusted, wage tracker, including one-off payments, total economy, compiled by the ECB, annual rates of change",PT,0
EWT.M.U2.N.WT.INWS._T.4F0.GY,M,U2,N,WT,INWS,_T,4F0,GY,2026-11,2.60597455897374,E,F,,,P1M,A,,14,ECB wage tracker,"Euro area, non-seasonally adjusted, wage tracker, including one-off payments, total economy, compiled by the ECB, annual rates of change",PT,0
EWT.M.U2.N.WT.INWS._T.4F0.GY,M,U2,N,WT,INWS,_T,4F0,GY,2026-12,2.64101202810997,E,F,,,P1M,A,,14,ECB wage tracker,"Euro area, non-seasonally adjusted, wage tracker, including one-off payments, total economy, compiled by the ECB, annual rates of change",PT,0
EWT.M.U2.N.WT.INWS._T.4F0.GY,M,U2,N,WT,INWS,_T,4F0,GY,2027-01,2.54025854054126,E,F,,,P1M,A,,14,ECB wage tracker,"Euro area, non-seasonally adjusted, wage tracker, including one-off payments, total economy, compiled by the ECB, annual rates of change",PT,0
EWT.M.U2.N.WT.INWS._T.4F0.GY,M,U2,N,WT,INWS,_T,4F0,GY,2027-02,2.63834304538436,E,F,,,P1M,A,,14,ECB wage tracker,"Euro area, non-seasonally adjusted, wage tracker, including one-off payments, total economy, compiled by the ECB, annual rates of change",PT,0
EWT.M.U2.N.WT.INWS._T.4F0.GY,M,U2,N,WT,INWS,_T,4F0,GY,2027-03,2.81352636913114,E,F,,,P1M,A,,14,ECB wage tracker,"Euro area, non-seasonally adjusted, wage tracker, including one-off payments, total economy, compiled by the ECB, annual rates of change",PT,0
